{"Blergoniosis": 0.003360987873747945,
"Snurflepox": 0.00996377132833004,
"Blergorraxitis": 0.0038768055383116007,
"Flibloomitis Sorelus": 0.0010432371636852622,
"Flumplenax Fever": 0.002612668089568615,
"Glittering Toe Impaction Syndrome": 0.001166595029644668,
"Snizzlejerk Fever": 0.036281295120716095,
"Flibberflamia Frigibulitis": 0.034569334238767624,
"Flibberflamisitis": 7.326577178901061e-05,
"Zingpocketosis": 0.016196025535464287,
"Flibberflamosis": 0.01834259182214737,
"Snurfleglutitis": 0.0015551985707134008,
"Flibulonitis flazzlepuss": 0.007814005017280579,
"Burpdynia": 0.027994582429528236,
"Zlorgs Wobbly Toe Syndrome": 0.015100132673978806,
"Snurfluxias": 0.021333124488592148,
"Glitterneumonia": 0.004965307656675577,
"Snurfles": 0.019011255353689194,
"Glitternose": 0.004863299895077944,
"Zorbilaxis": 0.00769434031099081,
"Silly Fartitis": 0.0007199401734396815,
"Flumplenax Disorder": 0.001814660499803722,
"Flumplenoxis": 0.010275484062731266,
"Snurfle Splinter Fever": 0.007242437917739153,
"Snurflewurstitis": 0.006264758761972189,
"Floopenflam": 0.0019872484263032675,
"Fluffnose Plague": 0.024028057232499123,
"Glimmlepox": 0.00046063485206104815,
"Flibulux": 0.016963878646492958,
"Ploofolysis": 0.0005424382979981601,
"Gluteal Gigantitis Sindrome": 0.004872181452810764,
"NecroFloopenia": 0.0014958002138882875,
"Glumbaldonitis": 0.02626570127904415,
"Norglesnap Fever": 0.04363847151398659,
"Snurflesqueezia": 0.0012020539725199342,
"Zorblio Flos": 0.011556373909115791,
"Glibbleploopenosis": 0.0025552657898515463,
"Gigglepox": 0.0014035010244697332,
"Nuvoloscopyitis": 0.002434483263641596,
"Snurflesickness": 0.03465443104505539,
"Sudden Sneeze Insufficientity": 0.00237651402130723,
"Sudden Onset Disco Toes SODT": 0.004075543489307165,
"Flibberjibits Syndrome": 0.011441368609666824,
"Snurflotron": 0.025694502517580986,
"Snurfle Fever": 0.000809933990240097,
"Flibberfluffitis": 0.009743989445269108,
"Flumplenookitis": 0.016455067321658134,
"Sudden Onset Disco Finger": 0.012103397399187088,
"Schnitzelploxia": 0.019486600533127785,
"Flibberjibits": 0.0022951404098421335,
"Sudden Onset Disco Toe Displacement Syndrome SODTLS": 0.008661698549985886,
"Floopy Sneeponia": 0.013109233230352402,
"Flibberfluxitis": 0.0016531534492969513,
"Flibulodermia": 0.0022617275826632977,
"Flumplenaxism": 0.010750026442110538,
"Burpocalypse Inflammation Syndrome": 0.0012644858798012137,
"Flumplenaxosis": 0.01526179164648056,
"Nerfblooma Syndrome": 0.0019799370784312487,
"Snurfleosis": 0.005248976405709982,
"Schnozzleitis": 0.0026778681203722954,
"Burrito Backflux Syndrome": 0.022561408579349518,
"Flibberfluxosis": 0.011111640371382236,
"Noseplorkitis": 0.006902624387294054,
"Flumplenaxitis": 0.002414409536868334,
"Wigglepox": 0.013714450411498547,
"Flibberflazzitis": 0.005695484112948179,
"Zlorglepoxitis": 0.010259727947413921,
"Zinkleflux": 0.0035659100394695997,
"Sudden Onset Disco Numbness": 0.0037370361387729645,
"Snotoggle Flux": 0.000895855890121311,
"Snurflaxitis": 0.05453900992870331,
"Glitterbloat syndrome": 0.0011995150707662106,
"Snurflesinus": 0.0012178828474134207,
"Nuvoltitis Flumplaxia": 0.00012020842405036092,
"Snurfleitis": 0.010743964463472366,
"Snurflesinus Syndrome": 0.00012304911797400564,
"Sneezletitis Disruptus": 0.0030873394571244717,
"Flibberflamius Extremus": 0.03179365396499634,
"Floopenburgitis": 0.00396996783092618,
"Glitteritis Flibberflam": 0.006406018976122141,
"Snurflesauce Overdosis": 0.04367968067526817,
"Nerdledonsosis": 0.03643929213285446,
"Flibberflomperitis": 0.0028935978189110756,
"Flibloomosis": 0.01336306519806385,
"Snurflesnortitis": 0.002288029994815588,
"Blerpneosis": 0.00042955190292559564,
"Flibberplox disease": 3.550427209120244e-05,
"Burpitis Globulosa": 0.004311054479330778,
"Snurflurbia": 0.0003580845077522099,
"Flibberflux": 0.01298200711607933,
"Wuggle Pox 357": 0.009974632412195206,
"Flibulonavirus": 0.003385883988812566,
"Zonkitis": 0.018825968727469444,
"Flibloomitis": 0.003952303901314735,
"Flibulopodia": 0.006005370523780584,
"Snurflecystis": 0.0020146933384239674,
"Sneezy Squirmy FluBloo": 0.011485064402222633,
"Glibblewarts": 0.01173142995685339,
"Snurfelotitis": 0.010357198305428028,
"Flimflamitis": 0.005881845019757748}